{
	"A": {
		"Aii": [ 
			2.553322E-03,
			1.170075E-01
		],
		"Aij": [ 
			-1.144541E-01,
			-2.553322E-03
		],
		"LNZ": [ 
			2,
			0
		],
		"XLNZ": [ 
			1,
			2
		],
		"NZSUB": [ 
			2,
			0
		]
	},
	"b": [ 
		-9.534146E-01,
		1.126517E+01
	]
}